Date,Price,Open,High,Low,Vol.,Change %
01-04-2026,99.27,101.63,103.31,96.51,100.91K,-2.08%
31-03-2026,101.38,105.07,106.86,99.62,495.40K,-1.46%
30-03-2026,102.88,102.6,105.36,99.43,374.08K,3.25%
27-03-2026,99.64,93.31,101.24,92.08,374.92K,5.46%
26-03-2026,94.48,91.38,95.44,89.51,350.77K,4.61%
25-03-2026,90.32,88.49,91.73,86.46,405.17K,-2.20%
24-03-2026,92.35,88.78,93.36,86.34,420.07K,4.79%
23-03-2026,88.13,100.51,101.67,84.37,666.79K,-10.36%
20-03-2026,98.32,95,99.67,93.42,33.11K,2.27%
19-03-2026,96.14,99.13,101.48,92.8,118.72K,-0.19%
18-03-2026,96.32,96,100.55,91.96,157.22K,0.11%
17-03-2026,96.21,94.41,98.42,93.83,308.43K,2.90%
16-03-2026,93.5,100.93,102.44,92.93,455.45K,-3.45%
13-03-2026,96.84,95.52,97.31,91.09,307.93K,2.55%
12-03-2026,94.43,87.46,95.68,87.18,448.29K,9.71%
11-03-2026,86.07,85.11,87.32,80.6,401.37K,4.84%
10-03-2026,82.1,83,88.49,75.64,546.03K,-10.25%
09-03-2026,91.48,91.91,113.41,79,749.52K,0.64%
06-03-2026,90.9,79.08,92.61,78.24,996.25K,12.21%
05-03-2026,81.01,76.15,82.16,74.97,707.03K,8.51%
04-03-2026,74.66,74.74,77.23,73.28,617.82K,0.13%
03-03-2026,74.56,71.23,77.98,70.41,1.01M,4.67%
02-03-2026,71.23,75,75.33,69.2,881.33K,6.28%
27-02-2026,67.02,65.35,67.83,64.85,437.05K,2.78%
26-02-2026,65.21,65.65,66.71,63.6,498.54K,-0.32%
25-02-2026,65.42,66.07,66.6,65.12,306.78K,-0.32%
24-02-2026,65.63,66.31,67.15,65.55,312.12K,-1.03%
23-02-2026,66.31,65.89,67.28,65.38,270.37K,-0.12%
20-02-2026,66.39,66.67,67.05,65.94,27.42K,-0.06%
19-02-2026,66.43,65.1,66.9,64.88,113.41K,1.90%
18-02-2026,65.19,62.3,65.56,62.12,115.38K,4.59%
17-02-2026,62.33,63.3,64.14,61.87,328.73K,-1.95%
16-02-2026,63.57,63.56,63.69,62.36,59.16K,1.29%
15-02-2026,62.76,62.67,62.86,62.64,,0.02%
13-02-2026,62.75,62.81,63.09,62,208.19K,0.16%
12-02-2026,62.65,64.71,64.93,62.23,251.47K,-2.81%
11-02-2026,64.46,63.99,65.61,63.97,240.97K,1.05%
10-02-2026,63.79,64.26,64.53,63.5,176.50K,-0.64%
09-02-2026,64.2,62.81,64.64,62.44,195.24K,1.02%
06-02-2026,63.55,63.1,64.58,62.2,448.92K,0.41%
05-02-2026,63.29,64.49,64.67,62.65,389.76K,-2.84%
04-02-2026,65.14,63.8,65.53,62.86,446.59K,3.05%
03-02-2026,63.21,62.28,64.21,61.12,381.14K,1.72%
02-02-2026,62.14,64.72,64.74,61.39,414.08K,-4.71%
30-01-2026,65.21,65.52,66.11,63.64,449.33K,-0.32%
29-01-2026,65.42,63.5,66.48,63.28,560.01K,3.50%
28-01-2026,63.21,62.58,63.57,62.07,354.86K,1.31%
27-01-2026,62.39,60.78,62.63,60.14,360.21K,2.90%
26-01-2026,60.63,61.22,61.71,60.32,281.06K,-0.72%
23-01-2026,61.07,59.66,61.36,59.52,283.42K,2.88%
22-01-2026,59.36,60.68,60.82,58.96,324.35K,-2.08%
21-01-2026,60.62,59.57,60.89,59.22,333.06K,0.46%
20-01-2026,60.34,59.01,60.68,58.7,31.29K,1.60%
19-01-2026,59.39,59.43,59.56,58.57,120.74K,0.71%
18-01-2026,58.97,58.98,59.18,58.86,,-0.79%
16-01-2026,59.44,59.26,60.18,58.94,113.79K,0.42%
15-01-2026,59.19,61.06,61.14,58.88,113.64K,-4.56%
14-01-2026,62.02,61.12,62.36,59.19,410.26K,1.79%
13-01-2026,60.93,59.75,61.23,59.29,410.80K,2.71%
12-01-2026,59.32,58.89,59.72,58.32,282.48K,0.34%
09-01-2026,59.12,58.4,59.77,57.61,360.31K,2.35%
08-01-2026,57.76,56.42,58.74,55.97,334.13K,3.16%
07-01-2026,55.99,57,57.17,55.76,383.13K,-1.67%
06-01-2026,56.94,58.1,58.6,56.66,187.86K,-1.96%
05-01-2026,58.08,57.25,58.23,56.13,163.00K,1.33%
02-01-2026,57.32,57.41,57.93,56.6,189.50K,-0.17%
31-12-2025,57.42,57.95,58.55,57.2,157.16K,-0.91%
30-12-2025,57.95,57.81,58.47,57.6,143.80K,-0.22%
29-12-2025,58.08,57.04,58.3,56.91,178.59K,2.36%
26-12-2025,56.74,58.35,58.88,56.65,166.67K,-2.76%
24-12-2025,58.35,58.47,58.75,58.13,111.76K,-0.05%
23-12-2025,58.38,57.95,58.56,57.74,183.63K,0.64%
22-12-2025,58.01,56.63,58.13,56.6,221.58K,2.38%
19-12-2025,56.66,56.03,56.9,55.82,196.88K,0.91%
18-12-2025,56.15,56.9,57.03,55.88,85.74K,0.38%
17-12-2025,55.94,55.23,56.98,55.2,125.61K,1.21%
16-12-2025,55.27,56.68,56.7,54.98,230.93K,-2.73%
15-12-2025,56.82,57.5,57.8,56.4,229.31K,-0.73%
12-12-2025,57.24,57.74,58.01,56.97,186.59K,-0.37%
11-12-2025,57.45,58.72,58.76,56.85,193.56K,-1.46%
10-12-2025,58.3,58.23,58.83,57.52,166.34K,0.38%
09-12-2025,58.08,58.67,58.93,57.95,178.89K,-0.94%
08-12-2025,58.63,59.88,60.01,58.43,162.27K,-2.41%
05-12-2025,60.08,59.7,60.5,59.42,255.08K,0.69%
04-12-2025,59.67,59.09,60.02,58.81,264.99K,1.22%
03-12-2025,58.95,58.65,59.64,58.37,260.97K,0.53%
02-12-2025,58.64,59.52,59.67,58.28,255.51K,-1.15%
01-12-2025,59.32,58.96,59.97,58.83,232.77K,1.32%
28-11-2025,58.55,58.58,59.64,58.27,153.76K,-0.76%
27-11-2025,59,59.1,59.16,58.29,61.45K,0.60%
26-11-2025,58.65,58.05,58.72,57.66,228.29K,1.21%
25-11-2025,57.95,58.89,58.96,57.1,334.44K,-1.51%
24-11-2025,58.84,58.05,59.06,57.42,238.14K,1.34%
21-11-2025,58.06,58.8,58.8,57.38,345.01K,-1.83%
20-11-2025,59.14,59.63,60.33,58.86,27.58K,-0.50%
19-11-2025,59.44,60.62,60.79,58.77,79.62K,-2.14%
18-11-2025,60.74,59.74,60.93,59.31,105.33K,1.39%
17-11-2025,59.91,59.8,60.44,59.32,189.64K,-0.07%
14-11-2025,59.95,58.66,60.47,58.66,324.82K,2.23%
13-11-2025,58.64,58.49,59.15,58.11,203.34K,0.26%
12-11-2025,58.49,60.96,61.01,58.3,224.00K,-4.10%
11-11-2025,60.99,59.94,61.18,59.59,184.22K,1.60%
10-11-2025,60.03,59.73,60.31,59.3,135.13K,0.47%
07-11-2025,59.75,59.65,60.46,59.32,259.45K,0.54%
06-11-2025,59.43,59.68,60.51,58.83,277.77K,-0.29%
05-11-2025,59.6,60.43,61.09,59.52,292.52K,-1.59%
04-11-2025,60.56,61.03,61.03,59.94,219.30K,-0.80%
03-11-2025,61.05,61.4,61.5,60.51,236.25K,0.11%
31-10-2025,60.98,60.3,61.38,59.99,278.60K,0.68%
30-10-2025,60.57,60.39,60.79,59.64,247.92K,0.15%
29-10-2025,60.48,60.18,61.02,59.7,276.88K,0.55%
28-10-2025,60.15,61.5,61.5,59.76,307.57K,-1.89%
27-10-2025,61.31,61.82,62.17,60.67,272.19K,-0.31%
24-10-2025,61.5,61.79,62.59,61.21,373.74K,-0.47%
23-10-2025,61.79,59.94,62.2,59.64,735.19K,5.62%
22-10-2025,58.5,57.59,59.83,57.34,378.64K,1.18%
21-10-2025,57.82,57.37,58.28,56.99,27.73K,0.52%
20-10-2025,57.52,57.73,57.81,56.35,108.15K,-0.03%
17-10-2025,57.54,57.5,57.72,56.6,108.75K,0.14%
16-10-2025,57.46,58.77,59.11,57.26,203.87K,-1.39%
15-10-2025,58.27,58.6,59.42,58.2,224.92K,0.00%
14-10-2025,58.27,59.17,59.39,57.29,232.45K,-1.35%
13-10-2025,59.07,58.65,59.69,58.41,0.64K,0.29%
10-10-2025,58.9,61.49,61.67,58.22,339.10K,-4.24%
09-10-2025,61.51,62.31,62.87,61.25,259.17K,-1.66%
08-10-2025,62.55,62.05,62.92,62.05,273.32K,1.33%
07-10-2025,61.73,61.73,62.11,60.72,245.12K,0.06%
06-10-2025,61.69,61.14,62.12,61.04,224.68K,1.33%
03-10-2025,60.88,60.7,61.38,60.55,240.04K,0.66%
02-10-2025,60.48,61.78,62.54,60.4,290.51K,-2.10%
01-10-2025,61.78,62.46,62.89,61.4,274.34K,-0.95%
30-09-2025,62.37,63.14,63.26,62.03,271.65K,-1.70%
29-09-2025,63.45,65.07,65.4,62.98,294.29K,-3.45%
26-09-2025,65.72,65.2,66.42,64.66,284.99K,1.14%
25-09-2025,64.98,64.8,65.34,64.06,258.35K,-0.02%
24-09-2025,64.99,63.64,65.05,63.25,282.72K,2.49%
23-09-2025,63.41,62.33,63.89,61.85,265.95K,1.23%
22-09-2025,62.64,62.74,63.18,61.98,18.65K,-0.06%
19-09-2025,62.68,63.59,63.65,62.6,87.17K,-1.40%
18-09-2025,63.57,63.99,64.55,63.33,82.32K,-0.75%
17-09-2025,64.05,64.59,64.67,63.69,165.43K,-0.73%
16-09-2025,64.52,63.31,64.76,62.89,234.25K,2.38%
15-09-2025,63.02,62.69,63.38,62.26,143.25K,0.53%
12-09-2025,62.69,62.27,63.98,61.69,313.27K,0.51%
11-09-2025,62.37,63.8,63.8,62.21,222.66K,-2.04%
10-09-2025,63.67,62.74,64.08,62.72,260.68K,1.66%
09-09-2025,62.63,62.43,63.67,62.37,268.53K,0.59%
08-09-2025,62.26,62,63.34,61.85,237.29K,0.63%
05-09-2025,61.87,63.33,63.49,61.45,294.54K,-2.54%
04-09-2025,63.48,63.82,63.84,62.72,251.69K,-0.77%
03-09-2025,63.97,65.62,65.72,63.72,298.74K,-2.47%
02-09-2025,65.59,63.95,66.03,63.66,320.22K,1.47%
01-09-2025,64.64,64.61,64.88,63.67,60.13K,1.06%
31-08-2025,63.96,63.98,64.01,63.92,,-0.08%
29-08-2025,64.01,64.26,64.55,63.88,183.26K,-0.91%
28-08-2025,64.6,63.87,64.7,63.35,208.93K,0.70%
27-08-2025,64.15,63.31,64.23,62.95,193.48K,1.42%
26-08-2025,63.25,64.75,64.76,63.13,199.10K,-2.39%
25-08-2025,64.8,63.88,65.1,63.53,185.27K,1.79%
22-08-2025,63.66,63.5,63.93,63.31,223.17K,0.22%
21-08-2025,63.52,62.85,63.67,62.52,250.17K,0.49%
20-08-2025,63.21,62.6,63.55,62.39,27.16K,1.38%
19-08-2025,62.35,63.27,63.39,62.25,99.48K,-1.69%
18-08-2025,63.42,63,63.79,62.18,95.11K,0.99%
15-08-2025,62.8,63.91,64.15,62.68,197.39K,-1.81%
14-08-2025,63.96,62.79,64.1,62.58,251.65K,3.28%
13-08-2025,61.93,62.38,62.59,61.29,211.24K,-0.88%
12-08-2025,62.48,63.2,63.48,62.35,205.01K,-0.97%
11-08-2025,63.09,62.65,63.54,62.21,146.96K,-1.24%
08-08-2025,63.88,63.85,64.58,62.77,322.94K,0.00%
07-08-2025,63.88,64.36,65.11,63.7,300.52K,-0.73%
06-08-2025,64.35,65.15,66.75,63.64,353.83K,-1.24%
05-08-2025,65.16,66.21,66.39,65.03,279.03K,-1.70%
04-08-2025,66.29,66.85,67.74,65.46,277.38K,-1.54%
01-08-2025,67.33,69.35,69.58,67.05,355.82K,-2.79%
31-07-2025,69.26,70.3,70.41,68.56,247.03K,-1.06%
30-07-2025,70,69.34,70.51,68.45,345.34K,1.14%
29-07-2025,69.21,67.04,69.76,66.53,329.11K,3.75%
28-07-2025,66.71,65.15,67.14,65.05,262.04K,2.38%
25-07-2025,65.16,66.15,66.74,65,234.28K,-1.32%
24-07-2025,66.03,65.42,66.39,65.33,281.21K,1.20%
23-07-2025,65.25,65.49,65.78,64.71,251.83K,-1.45%
22-07-2025,66.21,67.12,67.13,65.99,18.61K,-1.47%
21-07-2025,67.2,67.32,67.76,66.46,81.19K,-0.21%
18-07-2025,67.34,67.6,68.96,67.2,107.63K,-0.30%
17-07-2025,67.54,66.6,67.69,66.29,188.80K,1.75%
16-07-2025,66.38,66.73,67.01,65.42,248.35K,1.55%
15-07-2025,65.37,65.67,66.06,65.18,236.06K,-0.67%
14-07-2025,65.81,67.35,68.16,65.64,229.76K,-3.86%
11-07-2025,68.45,66.85,68.77,66.5,226.30K,2.82%
10-07-2025,66.57,68.29,68.65,66.45,258.65K,-2.65%
09-07-2025,68.38,68.18,68.94,67.7,223.95K,0.07%
08-07-2025,68.33,67.96,68.91,67.33,219.88K,0.59%
07-07-2025,67.93,65.7,68.32,65.4,332.95K,2.17%
04-07-2025,66.49,67.13,67.16,66.05,56.22K,-0.76%
03-07-2025,67,67.5,67.58,66.53,220.44K,-0.67%
02-07-2025,67.45,65.56,67.58,65.23,265.20K,3.06%
01-07-2025,65.45,64.96,65.98,64.67,193.16K,0.52%
30-06-2025,65.11,65.15,65.82,64.5,193.29K,-0.63%
27-06-2025,65.52,65.3,66.09,64.8,236.28K,0.43%
26-06-2025,65.24,64.98,66.42,64.66,233.77K,0.49%
25-06-2025,64.92,65.12,66.03,64.51,278.50K,0.85%
24-06-2025,64.37,67.74,67.83,64,541.48K,-6.04%
23-06-2025,68.51,78,78.4,66.6,728.87K,-8.57%
20-06-2025,74.93,74.6,77.58,74.3,34.05K,1.50%
19-06-2025,73.82,73.88,75.73,72.65,250.83K,-1.76%
18-06-2025,75.14,75.61,76.07,72.94,524.54K,0.40%
17-06-2025,74.84,71.11,75.54,71,154.26K,4.28%
16-06-2025,71.77,76.54,77.49,69.38,367.31K,0.67%
13-06-2025,71.29,67.5,74.63,67.11,715.81K,6.98%
12-06-2025,66.64,67.68,67.93,65.51,297.70K,-0.39%
11-06-2025,66.9,63.67,67.11,63.54,260.69K,4.68%
10-06-2025,63.91,64.1,65.1,63.51,207.74K,-0.48%
09-06-2025,64.22,63.81,64.34,63.27,137.42K,-0.56%
06-06-2025,64.58,63.33,64.8,62.82,310.13K,1.91%
05-06-2025,63.37,62.76,63.98,62.5,232.42K,0.83%
04-06-2025,62.85,63.36,63.96,62.17,321.13K,-0.88%
03-06-2025,63.41,63.02,63.89,62.4,291.26K,1.42%
02-06-2025,62.52,61.11,63.88,61.06,403.58K,2.85%
30-05-2025,60.79,60.94,61.72,59.74,384.93K,-0.25%
29-05-2025,60.94,61.83,63.07,60.55,299.86K,-1.46%
28-05-2025,61.84,61.04,62.54,60.85,260.37K,1.56%
27-05-2025,60.89,61.7,62.14,60.26,291.32K,-0.98%
26-05-2025,61.49,61.53,62.03,61.26,49.02K,-0.71%
25-05-2025,61.93,61.73,62.15,61.58,,0.65%
23-05-2025,61.53,60.81,61.88,60.02,273.39K,0.54%
22-05-2025,61.2,61.33,61.75,60.25,258.55K,-0.60%
21-05-2025,61.57,62.27,64.19,61.28,302.70K,-1.58%
20-05-2025,62.56,62.68,63.17,62.19,25.62K,-0.21%
19-05-2025,62.69,62.75,63.4,61.57,95.57K,1.16%
16-05-2025,61.97,61.22,62.18,60.78,250.32K,1.34%
15-05-2025,61.15,62.4,62.46,60.08,264.08K,-2.44%
14-05-2025,62.68,63.2,63.23,62.31,203.84K,-0.90%
13-05-2025,63.25,61.55,63.44,61.23,203.23K,2.75%
12-05-2025,61.56,60.97,63.13,60.56,243.29K,0.88%
09-05-2025,61.02,60.25,61.45,59.89,239.64K,1.85%
08-05-2025,59.91,57.93,60.29,57.74,281.00K,3.17%
07-05-2025,58.07,58.98,60.26,57.81,295.24K,-1.73%
06-05-2025,59.09,57.25,59.84,57.03,343.89K,3.43%
05-05-2025,57.13,56.76,57.7,55.3,308.39K,-1.99%
02-05-2025,58.29,58.99,59.87,57.74,322.10K,-1.60%
01-05-2025,59.24,58.16,59.5,56.39,364.22K,1.77%
30-04-2025,58.21,60.16,60.43,57.91,419.55K,-3.66%
29-04-2025,60.42,61.87,62.07,60.12,312.37K,-2.63%
28-04-2025,62.05,63.49,63.92,61.48,276.12K,-1.54%
25-04-2025,63.02,62.86,63.41,61.8,283.76K,0.37%
24-04-2025,62.79,62.34,63.31,61.99,264.91K,0.84%
23-04-2025,62.27,64,64.87,61.53,397.84K,-3.17%
22-04-2025,64.31,63.43,65.09,63.43,34.95K,1.95%
21-04-2025,63.08,64.3,64.42,62.45,82.67K,-2.47%
17-04-2025,64.68,62.63,64.86,62.61,111.48K,3.54%
16-04-2025,62.47,61.54,62.98,60.44,213.19K,2.83%
15-04-2025,60.75,61.09,61.57,60.38,206.48K,-0.49%
14-04-2025,61.05,61.15,62.07,60.12,224.09K,-0.73%
11-04-2025,61.5,60.2,61.87,59.43,306.23K,2.38%
10-04-2025,60.07,62.71,63.34,58.76,391.83K,-3.66%
09-04-2025,62.35,58.32,62.93,55.12,592.25K,4.65%
08-04-2025,59.58,61.03,61.75,57.88,557.66K,-1.85%
07-04-2025,60.7,61.12,63.9,58.95,597.62K,-2.08%
04-04-2025,61.99,66.64,66.9,60.45,559.64K,-7.41%
03-04-2025,66.95,70.38,70.41,65.98,459.24K,-6.64%
02-04-2025,71.71,71.2,72.28,70.59,286.50K,0.72%
01-04-2025,71.2,71.39,72.1,71.03,272.83K,-0.39%
31-03-2025,71.48,69.43,71.83,68.81,313.09K,3.06%
28-03-2025,69.36,69.91,70.09,68.87,246.65K,-0.80%
27-03-2025,69.92,69.96,69.97,69.12,211.83K,0.39%
26-03-2025,69.65,69.16,70.22,69.06,262.41K,0.94%
25-03-2025,69,69.16,69.68,68.52,258.41K,-0.16%
24-03-2025,69.11,68.35,69.33,67.95,247.02K,1.22%
21-03-2025,68.28,68.35,68.65,67.65,198.96K,0.03%
20-03-2025,68.26,67.29,68.47,66.88,25.12K,1.64%
19-03-2025,67.16,66.72,67.63,66.21,73.08K,0.39%
18-03-2025,66.9,67.4,68.72,66.56,110.34K,-0.70%
17-03-2025,67.37,67.1,68.1,67.01,210.19K,0.69%
14-03-2025,66.91,66.48,67.19,66.33,161.84K,0.97%
13-03-2025,66.27,67.38,67.65,66.08,212.01K,-1.65%
12-03-2025,67.38,66.31,67.53,65.83,175.05K,2.20%
11-03-2025,65.93,65.6,66.79,65,134.71K,0.38%
10-03-2025,65.68,66.78,67.24,65.45,173.46K,-2.03%
07-03-2025,67.04,66.34,68.22,66.12,329.71K,1.02%
06-03-2025,66.36,66.39,67.09,65.59,341.63K,0.08%
05-03-2025,66.31,68.08,68.1,65.22,382.49K,-2.86%
04-03-2025,68.26,68.46,68.56,66.77,386.75K,-0.16%
03-03-2025,68.37,69.95,70.6,67.89,332.75K,-1.99%
28-02-2025,69.76,70.17,70.29,69.14,250.07K,-0.84%
27-02-2025,70.35,68.82,70.54,68.61,265.93K,2.52%
26-02-2025,68.62,69.11,69.28,68.36,255.60K,-0.45%
25-02-2025,68.93,70.92,71.26,68.68,267.31K,-2.50%
24-02-2025,70.7,69.8,70.94,69.8,205.47K,0.43%
21-02-2025,70.4,72.58,72.77,70.17,268.47K,-2.99%
20-02-2025,72.57,72.18,73.25,71.85,26.71K,0.44%
19-02-2025,72.25,71.78,73.04,71.71,69.01K,0.56%
18-02-2025,71.85,70.7,72.07,70.12,130.94K,1.61%
14-02-2025,70.71,71.38,71.88,70.5,213.47K,-0.60%
13-02-2025,71.14,71.08,71.46,70.16,220.02K,-0.14%
12-02-2025,71.24,72.98,73,71.03,221.77K,-2.52%
11-02-2025,73.08,72.11,73.33,72,195.49K,1.49%
10-02-2025,72.01,70.77,72.2,70.61,160.44K,1.42%
07-02-2025,71,70.56,71.41,70.47,273.77K,0.55%
06-02-2025,70.61,71.18,71.85,70.43,299.04K,-0.59%
05-02-2025,71.03,72.76,72.97,70.96,289.90K,-2.30%
04-02-2025,72.7,72.35,73.35,70.67,452.96K,-0.63%
03-02-2025,73.16,74.14,75.18,72.05,517.85K,0.87%
31-01-2025,72.53,73.2,73.84,71.94,376.34K,-0.27%
30-01-2025,72.73,73,73.84,72.02,336.48K,0.15%
29-01-2025,72.62,73.95,74.08,72.33,312.73K,-1.56%
28-01-2025,73.77,73.15,74.31,72.93,326.08K,0.82%
27-01-2025,73.17,74.54,75.15,72.38,334.42K,-2.00%
24-01-2025,74.66,74.3,75.21,74.01,319.68K,0.05%
23-01-2025,74.62,75.39,76,74.14,350.69K,-1.09%
22-01-2025,75.44,75.88,76.45,75.28,315.33K,-0.59%
21-01-2025,75.89,78.19,78.47,75.49,28.41K,-2.56%
17-01-2025,77.88,78.75,79.44,77.76,112.41K,-1.02%
16-01-2025,78.68,80.4,80.59,77.87,159.95K,-0.04%
15-01-2025,78.71,76.84,79.39,76.16,355.67K,3.06%
14-01-2025,76.37,77.24,77.51,76.2,338.20K,-1.20%
13-01-2025,77.3,75.68,77.64,75.67,493.44K,2.05%
10-01-2025,75.75,73.57,76.89,73.33,448.29K,3.43%
09-01-2025,73.24,72.66,73.61,72.2,162.00K,0.78%
08-01-2025,72.67,73.81,74.44,72.51,261.48K,-1.22%
07-01-2025,73.57,72.81,73.82,72.51,188.74K,0.89%
06-01-2025,72.92,73.31,74.18,72.54,221.84K,-0.40%
03-01-2025,73.21,72.46,73.5,72.1,220.66K,0.98%
02-01-2025,72.5,71.45,73.12,71.31,182.49K,1.75%
31-12-2024,71.25,70.69,71.52,70.43,63.63K,1.02%
30-12-2024,70.53,70,71.05,69.75,93.10K,0.50%
27-12-2024,70.18,69.27,70.32,69.06,79.13K,1.37%
26-12-2024,69.23,69.72,70.25,68.94,69.64K,-0.59%
24-12-2024,69.64,69.04,69.94,68.95,40.39K,1.21%
23-12-2024,68.81,68.97,69.5,68.22,90.95K,-0.30%
20-12-2024,69.02,68.83,69.38,68.05,114.62K,-0.52%
19-12-2024,69.38,69.6,70.58,69.1,291.66K,-0.91%
18-12-2024,70.02,69.82,70.8,69.39,326.61K,0.53%
17-12-2024,69.65,70.23,70.54,68.81,280.90K,-0.91%
16-12-2024,70.29,71,71,69.98,210.75K,-0.75%
13-12-2024,70.82,69.64,70.94,69.51,201.26K,1.67%
12-12-2024,69.66,69.97,70.27,68.74,231.02K,-0.30%
11-12-2024,69.87,68.15,70.08,68.12,231.68K,2.34%
10-12-2024,68.27,67.86,68.72,67.45,157.46K,0.26%
09-12-2024,68.09,66.93,68.59,66.85,176.71K,1.66%
06-12-2024,66.98,68.08,68.13,66.71,207.12K,-1.44%
05-12-2024,67.96,68.38,68.77,67.66,129.14K,-0.34%
04-12-2024,68.19,69.58,70.11,68.14,141.67K,-1.94%
03-12-2024,69.54,67.89,69.83,67.65,134.42K,2.51%
02-12-2024,67.84,67.77,68.83,67.44,95.00K,0.18%
29-11-2024,67.72,68.39,69.32,67.6,106.39K,-0.92%
27-11-2024,68.35,68.57,69.01,67.81,87.85K,-0.13%
26-11-2024,68.44,68.7,69.91,67.73,98.59K,-0.20%
25-11-2024,68.58,70.96,70.96,68.36,146.70K,-3.09%
22-11-2024,70.77,69.85,71.02,68.96,209.42K,1.43%
21-11-2024,69.77,68.83,70.09,68.62,131.44K,1.48%
20-11-2024,68.75,69.28,69.96,68.64,235.64K,-0.71%
19-11-2024,69.24,69.08,69.74,68.48,349.70K,0.10%
18-11-2024,69.17,66.77,69.37,66.53,300.55K,3.36%
15-11-2024,66.92,68.45,68.51,66.71,200.77K,-2.35%
14-11-2024,68.53,67.97,69.24,67.77,176.09K,0.40%
13-11-2024,68.26,67.82,68.69,66.8,254.21K,0.43%
12-11-2024,67.97,68.04,68.97,67.65,181.18K,0.07%
11-11-2024,67.92,69.99,70.3,67.79,215.31K,-3.12%
08-11-2024,70.11,71.8,71.87,69.67,211.74K,-2.57%
07-11-2024,71.96,71.41,72.41,70.27,187.30K,1.01%
06-11-2024,71.24,71.57,72.18,69.35,158.53K,-0.45%
05-11-2024,71.56,71.17,72.2,70.86,108.65K,0.75%
04-11-2024,71.03,69.87,71.36,69.84,108.26K,2.82%
01-11-2024,69.08,69.96,70.95,68.9,110.38K,0.39%
31-10-2024,68.81,68.65,70.31,67.87,109.20K,0.92%
30-10-2024,68.18,66.97,68.73,66.88,92.73K,2.05%
29-10-2024,66.81,67.63,68.09,66.32,93.13K,-0.25%
28-10-2024,66.98,68.58,68.6,66.59,141.39K,-6.12%
25-10-2024,71.35,70.02,71.52,69.63,99.41K,2.16%
24-10-2024,69.84,70.62,71.87,69.41,83.73K,-0.75%
23-10-2024,70.37,70.94,71.29,69.76,119.31K,-1.91%
22-10-2024,71.74,69.96,72.09,69.35,330.46K,2.43%
21-10-2024,70.04,68.94,70.39,68.46,302.75K,1.97%
18-10-2024,68.69,70.17,70.67,68.17,335.56K,-2.00%
17-10-2024,70.09,70.11,70.53,68.89,228.84K,0.39%
16-10-2024,69.82,70.39,70.69,69.12,181.55K,-0.27%
15-10-2024,70.01,71.14,71.57,69.2,244.86K,-4.41%
14-10-2024,73.24,74.26,74.35,71.24,174.47K,-2.15%
11-10-2024,74.85,75,75.28,73.85,217.34K,-0.35%
10-10-2024,75.11,72.73,75.45,72.62,206.39K,3.47%
09-10-2024,72.59,73.27,73.82,71,228.02K,-0.53%
08-10-2024,72.98,76.63,77.7,72.12,329.53K,-4.56%
07-10-2024,76.47,73.76,76.7,73.01,257.21K,3.79%
04-10-2024,73.68,73.35,74.84,72.94,262.04K,0.70%
03-10-2024,73.17,70.49,73.51,70.08,275.08K,4.99%
02-10-2024,69.69,70.3,71.95,69.45,241.14K,0.43%
01-10-2024,69.39,68.05,71.36,65.99,353.03K,2.39%
30-09-2024,67.77,68.08,68.83,67.14,189.29K,0.15%
27-09-2024,67.67,66.95,68.13,66.58,169.90K,0.71%
26-09-2024,67.19,69.3,69.47,66.49,274.69K,-2.81%
25-09-2024,69.13,70.84,71.04,68.69,272.17K,-2.41%
24-09-2024,70.84,69.96,71.6,69.69,167.02K,1.77%
23-09-2024,69.61,70.43,70.94,68.73,185.35K,-1.96%
20-09-2024,71,71.18,71.45,70.37,307.00K,-0.22%
19-09-2024,71.16,69.15,71.53,69.13,354.93K,1.83%
18-09-2024,69.88,69.98,70.31,68.58,367.19K,-0.11%
17-09-2024,69.96,69.35,70.65,68.51,289.93K,1.36%
16-09-2024,69.02,68.22,69.61,67.7,235.88K,1.87%
13-09-2024,67.75,68.35,69.35,67.58,230.30K,-0.59%
12-09-2024,68.15,66.68,68.93,66.55,221.59K,2.33%
11-09-2024,66.6,65.73,67.14,64.99,237.20K,2.24%
10-09-2024,65.14,67.97,68.3,64.61,257.97K,-4.08%
09-09-2024,67.91,67.42,68.14,66.61,163.36K,1.39%
06-09-2024,66.98,68.66,69.41,66.51,165.62K,-2.22%
05-09-2024,68.5,68.52,70.01,68.13,210.22K,-0.03%
04-09-2024,68.52,69.54,70.61,68.16,235.03K,-1.54%
03-09-2024,69.59,72.64,73.35,69.37,231.78K,-5.68%
02-09-2024,73.78,73,74.39,72.89,,1.10%
01-09-2024,72.98,73.33,73.42,72.97,,0.45%
30-08-2024,72.65,74.69,75.31,72.46,210.33K,-2.71%
29-08-2024,74.67,73.31,75.51,72.92,224.37K,1.67%
28-08-2024,73.44,74.71,74.88,72.92,131.59K,-1.37%
27-08-2024,74.46,75.93,76.21,74.34,154.88K,-2.24%
26-08-2024,76.17,74.13,76.4,74.08,209.30K,3.03%
23-08-2024,73.93,72.21,74.17,72.12,131.32K,2.28%
22-08-2024,72.28,71.36,72.77,71,143.77K,1.37%
21-08-2024,71.3,72.42,73.39,70.88,178.98K,-2.56%
20-08-2024,73.17,73.74,74.38,72.54,329.28K,-0.67%
19-08-2024,73.66,75.47,75.73,73.45,422.10K,-2.49%
16-08-2024,75.54,76.81,76.98,74.52,317.68K,-1.88%
15-08-2024,76.99,76.07,77.38,75.7,237.54K,1.52%
14-08-2024,75.84,77.1,77.52,75.66,344.94K,-1.25%
13-08-2024,76.8,78.09,78.43,76.65,283.20K,-2.12%
12-08-2024,78.46,75.62,78.54,75.44,244.98K,3.77%
09-08-2024,75.61,74.86,75.79,74.7,143.83K,0.76%
08-08-2024,75.04,74.37,75.27,73.53,205.55K,1.17%
07-08-2024,74.17,72,74.73,71.75,215.90K,2.53%
06-08-2024,72.34,73.14,73.77,71.46,175.21K,0.19%
05-08-2024,72.2,73.26,73.53,70.88,228.05K,-0.54%
02-08-2024,72.59,75.89,76.3,72.12,216.86K,-3.73%
01-08-2024,75.4,77.47,77.72,75.32,182.47K,-1.87%
31-07-2024,76.84,74.37,77.54,74.27,239.72K,4.01%
30-07-2024,73.88,74.87,74.92,73.73,229.37K,-1.23%
29-07-2024,74.8,76.02,76.52,74.34,178.81K,-1.58%
26-07-2024,76,77.18,77.41,75.08,161.41K,-1.44%
25-07-2024,77.11,76.43,77.28,75.05,224.03K,0.69%
24-07-2024,76.58,76.35,77.08,75.93,184.20K,0.87%
23-07-2024,75.92,77.15,77.63,75.45,191.99K,-3.16%
22-07-2024,78.4,78.95,79.13,77.55,345.24K,-0.31%
19-07-2024,78.64,80.88,81.34,78.59,427.06K,-3.27%
18-07-2024,81.3,81.68,82.27,80.61,398.37K,-0.17%
17-07-2024,81.44,79.82,81.63,79.43,419.58K,2.17%
16-07-2024,79.71,80.85,80.87,79.22,272.20K,-1.40%
15-07-2024,80.84,80.96,81.35,80.36,216.42K,-0.22%
12-07-2024,81.02,81.55,82.29,80.91,276.67K,-0.44%
11-07-2024,81.38,81.35,81.83,80.6,205.10K,0.38%
10-07-2024,81.07,80.92,81.6,79.95,193.21K,0.63%
09-07-2024,80.56,81.45,81.65,80.42,166.79K,-1.18%
08-07-2024,81.52,82.36,82.5,81.29,143.02K,-0.90%
05-07-2024,82.26,82.75,83.58,82.19,168.80K,-2.00%
04-07-2024,83.94,83.61,84.2,83.03,,1.11%
03-07-2024,83.02,82.25,83.07,81.59,156.73K,1.36%
02-07-2024,81.91,82.39,83.22,81.83,225.17K,-0.50%
01-07-2024,82.32,80.56,82.58,80.49,214.49K,2.08%
28-06-2024,80.64,80.96,81.78,80.15,110.62K,-0.24%
27-06-2024,80.83,80.14,81.21,79.81,158.90K,0.80%
26-06-2024,80.19,79.97,80.85,79.5,147.98K,0.15%
25-06-2024,80.07,80.97,81.12,79.8,173.57K,-0.98%
24-06-2024,80.86,79.77,80.99,79.52,158.61K,1.13%
21-06-2024,79.96,80.44,80.94,79.59,163.22K,-1.64%
20-06-2024,81.29,80.75,81.52,80.3,420.50K,0.87%
19-06-2024,80.59,80.78,81.16,80.31,,-0.15%
18-06-2024,80.71,79.92,80.85,79.17,485.71K,1.24%
17-06-2024,79.72,78.12,80.01,77.58,402.74K,2.14%
14-06-2024,78.05,77.65,78.8,77.42,316.38K,-0.27%
13-06-2024,78.26,78.01,78.54,77.35,301.73K,0.14%
12-06-2024,78.15,77.8,78.94,77.56,209.18K,0.77%
11-06-2024,77.55,77.65,77.99,76.86,202.57K,0.28%
10-06-2024,77.33,74.97,77.85,74.94,181.84K,2.81%
07-06-2024,75.22,75.38,75.9,74.93,139.59K,-0.03%
06-06-2024,75.24,74.03,75.47,73.82,145.06K,1.92%
05-06-2024,73.82,72.72,74.07,72.69,159.60K,1.04%
04-06-2024,73.06,73.89,73.99,72.44,209.68K,-1.39%
03-06-2024,74.09,76.73,77.23,73.84,219.93K,-3.44%
31-05-2024,76.73,77.5,78.27,76.37,157.56K,-1.04%
30-05-2024,77.54,78.87,78.97,77.3,176.67K,-1.60%
29-05-2024,78.8,79.78,80.11,78.57,123.48K,-0.69%
28-05-2024,79.35,77.36,79.79,77.24,121.48K,0.89%
27-05-2024,78.65,77.84,78.8,77.75,,1.84%
24-05-2024,77.23,76.62,77.55,75.75,139.52K,1.01%
23-05-2024,76.46,76.9,78.21,76.03,125.72K,-0.89%
22-05-2024,77.15,77.9,78.03,76.85,139.45K,-1.92%
21-05-2024,78.66,79.23,79.3,77.65,371.67K,-0.81%
20-05-2024,79.3,79.58,80.11,78.67,342.09K,-0.35%
17-05-2024,79.58,78.92,79.66,78.58,321.03K,1.07%
16-05-2024,78.74,78.36,79.3,77.75,277.25K,0.74%
15-05-2024,78.16,78.03,78.43,76.36,299.56K,0.66%
14-05-2024,77.65,78.72,78.86,77.26,259.53K,-1.21%
13-05-2024,78.6,77.76,78.99,77.35,200.28K,0.98%
10-05-2024,77.84,79.11,79.47,77.73,164.35K,-1.22%
09-05-2024,78.8,78.79,79.32,78.46,184.46K,0.31%
08-05-2024,78.56,77.96,78.8,76.63,228.44K,0.64%
07-05-2024,78.06,78.39,78.8,77.29,192.57K,-0.10%
06-05-2024,78.14,77.88,78.68,77.56,152.59K,0.49%
03-05-2024,77.76,78.61,79.17,77.62,217.26K,-0.92%
02-05-2024,78.48,78.6,79.34,77.91,174.67K,0.05%
01-05-2024,78.44,80.86,80.9,78.28,235.28K,-3.49%
30-04-2024,81.28,82.16,82.65,80.34,233.66K,-0.91%
29-04-2024,82.03,82.99,83.19,81.81,170.81K,-1.32%
26-04-2024,83.13,82.97,83.63,82.59,98.78K,0.46%
25-04-2024,82.75,82.09,83,81.27,132.56K,0.80%
24-04-2024,82.09,82.6,82.9,81.71,142.45K,-0.57%
23-04-2024,82.56,81.43,82.62,80.25,172.23K,0.81%
22-04-2024,81.9,81.84,82.29,80.7,313.91K,-0.39%
19-04-2024,82.22,81.99,85.64,81.13,556.46K,0.15%
18-04-2024,82.1,82.28,82.84,81.06,366.75K,-0.06%
17-04-2024,82.15,84.82,84.97,82.01,387.63K,-3.16%
16-04-2024,84.83,85.16,85.6,84.22,217.44K,-0.04%
15-04-2024,84.86,84.99,85.5,83.49,253.34K,-0.26%
12-04-2024,85.08,85,86.97,84.67,245.33K,0.75%
11-04-2024,84.45,85.6,85.89,84.25,249.97K,-1.16%
10-04-2024,85.44,84.57,85.6,83.86,233.96K,1.16%
09-04-2024,84.46,85.69,86.07,84.29,198.56K,-1.25%
08-04-2024,85.53,85.19,86.21,83.93,207.99K,-0.66%
05-04-2024,86.1,85.98,86.83,85.62,211.84K,0.34%
04-04-2024,85.81,84.82,86.41,83.94,218.70K,1.42%
03-04-2024,84.61,84.54,85.27,83.99,190.90K,0.46%
02-04-2024,84.22,83.14,84.56,82.96,197.83K,1.69%
01-04-2024,82.82,82.36,83.46,81.84,199.89K,0.49%
